<cell>

	<demographics>
		<demographic>
			<name>Prudent pensioner</name>
			<debug_colour_r>200</debug_colour_r>
			<debug_colour_g>162</debug_colour_g>
			<debug_colour_b>200</debug_colour_b>
		</demographic>
		<demographic>
			<name>Educated urbanite</name>		
			<debug_colour_r>255</debug_colour_r>
			<debug_colour_g>0</debug_colour_g>
			<debug_colour_b>0</debug_colour_b>
		</demographic>
		<demographic>
			<name>Affluent grey</name>
			<debug_colour_r>100</debug_colour_r>
			<debug_colour_g>100</debug_colour_g>
			<debug_colour_b>100</debug_colour_b>
		</demographic>
	</demographics>



	<tags>
		<tag>
			<word>agnostic</word>
			<demographic id="Educated urbanite">
				<strength>0.8</strength>
			</demographic>
		</tag>

		<tag>
			<word>abject indolence</word>
			<demographic id="Educated urbanite">
				<strength>0.7</strength>
			</demographic>
		</tag>

		<tag>
			<word>articulate</word>
			<demographic id="Prudent pensioner">
				<strength>0.8</strength>
			</demographic>
			<demographic id="Educated urbanite">
				<strength>0.5</strength>
			</demographic>
			<demographic id="Affluent grey">
				<strength>1.0</strength>
			</demographic>
		</tag>	

		<tag>
			<word>Benny Hill</word>
			<demographic id="Educated urbanite">
				<strength>0.5</strength>
			</demographic>
			<demographic id="Affluent grey">
				<strength>0.3</strength>
			</demographic>
		</tag>

		<tag>
			<word>brat</word>
			<demographic id="Educated urbanite">
				<strength>0.6</strength>
			</demographic>
		</tag>

		<tag>
			<word>brit-pop</word>
			<demographic id="Educated urbanite">
				<strength>0.8</strength>
			</demographic>
		</tag>

		<tag>
			<word>bubbly</word>
			<demographic id="Educated urbanite">
				<strength>0.7</strength>
			</demographic>

		</tag>

		<tag>
			<word>cats</word>
			<demographic id="Prudent pensioner">
				<strength>0.3</strength>
			</demographic>
			<demographic id="Educated urbanite">
				<strength>0.5</strength>
			</demographic>
		</tag>

		<tag>
			<word>clubbing</word>
			<demographic id="Educated urbanite">
				<strength>0.8</strength>
			</demographic>
		</tag>

		<tag>
			<word>cocky</word>
			<demographic id="Educated urbanite">
				<strength>0.6</strength>
			</demographic>

		</tag>

		<tag>
			<word>coffee</word>
			<demographic id="Prudent pensioner">
				<strength>0.3</strength>
			</demographic>
			<demographic id="Educated urbanite">
				<strength>0.9</strength>
			</demographic>
			<demographic id="Affluent grey">
				<strength>0.7</strength>
			</demographic>
		</tag>

		<tag>
			<word>cooking</word>
			<demographic id="Prudent pensioner">
				<strength>0.8</strength>
			</demographic>
			<demographic id="Affluent grey">
				<strength>0.5</strength>
			</demographic>
		</tag>

		<tag>
			<word>dogs</word>
			<demographic id="Prudent pensioner">
				<strength>0.5</strength>
			</demographic>
			<demographic id="Affluent grey">
				<strength>0.6</strength>
			</demographic>
		</tag>

		<tag>
			<word>dancing</word>
			<demographic id="Prudent pensioner">
				<strength>0.7</strength>
			</demographic>
			<demographic id="Educated urbanite">
				<strength>0.7</strength>
			</demographic>
			<demographic id="Affluent grey">
				<strength>0.3</strength>
			</demographic>
		</tag>

		<tag>
			<word>fake tan</word>
			<demographic id="Educated urbanite">
				<strength>0.4</strength>
			</demographic>
		</tag>

		<tag>
			<word>family</word>
			<demographic id="Prudent pensioner">
				<strength>1.0</strength>
			</demographic>
			<demographic id="Educated urbanite">
				<strength>0.6</strength>
			</demographic>
			<demographic id="Affluent grey">
				<strength>0.9</strength>
			</demographic>
		</tag>

		<tag>
			<word>friends</word>
			<demographic id="Prudent pensioner">
				<strength>0.6</strength>
			</demographic>
			<demographic id="Educated urbanite">
				<strength>1.0</strength>
			</demographic>
			<demographic id="Affluent grey">
				<strength>0.7</strength>
			</demographic>
		</tag>

		<tag>
			<word>history</word>
			<demographic id="Prudent pensioner">
				<strength>0.9</strength>
			</demographic>
			<demographic id="Affluent grey">
				<strength>0.7</strength>
			</demographic>
		</tag>

		<tag>
			<word>penchant for adventure</word>
			<demographic id="Prudent pensioner">
				<strength>0.3</strength>
			</demographic>
			<demographic id="Educated urbanite">
				<strength>1.0</strength>
			</demographic>
			<demographic id="Affluent grey">
				<strength>0.6</strength>
			</demographic>
		</tag>

		<tag>
			<word>root canal</word>
			<demographic id="Prudent pensioner">
				<strength>1.0</strength>
			</demographic>
			<demographic id="Affluent grey">
				<strength>0.7</strength>
			</demographic>
		</tag>
	</tags>

</cell>